Message ID,Conversation ID,Timestamp,Date,Time,Sender,Message Type,Message Text,Message Length,Contains Links,Contains Mentions,Element Class
c-105388670_msg_0,all_conversations,2025-09-06T21:19:59.568Z,2025-09-06,02:49:59,me,sent,You: filled the form,20,No,No,message_inner
c-105388670_msg_1,all_conversations,2025-09-06T21:19:59.568Z,2025-09-06,02:49:59,me,sent,You: have filed the form,24,No,No,message_inner
c-105388670_msg_2,all_conversations,2025-09-06T21:19:59.568Z,2025-09-06,02:49:59,me,sent,"You: Thanks for considering my application. Here’s a brief overview: Intro: 3rd-year CS student, skilled in AI, ML, Python, JavaScript, Dart, NLP. GitHub: https://github.com/Magenta91 Experience: Quantitative Analyst intern. AI Agents: Financial Summaries: Python, CrewAI, Telegram API; delivers multilingual market updates; scalable, accurate.  Meeting Scheduler: Python, Gemini AI, Google Calendar; schedules via NLP; saves time. Outreach Assistant: Python, Twilio, GENAI; custom messages; boosts engagement. Cyberfraud Classifier: Python, NLP, Deep Learning; detects fraud; ~0.99 F1 score.",592,Yes,No,message_inner
c-105388670_msg_3,all_conversations,2025-09-06T21:19:59.568Z,2025-09-06,02:49:59,other,received,"Thank you for showing interest in working with us. We’ve received over 3300+ applications for this role. Given the high volume and other priority positions, the shortlisting process will take some time. We’ll keep you posted in case your profile is shortlisted or if there are further requirements.  Meanwhile, we are working on an initiative where we’re collaborating with industry professionals and senior leaders to host free, small-group live sessions, post career related research etc. aimed at helping learners align with evolving industry needs.  Interested students can stay connected here:  Telegram group: https://t.me/+Wivmc4gQJDk0Mjc1  LinkedIn page: https://www.linkedin.com/company/timetappers-com  We look forward to building a community where students gain real-world insights directly from industry leaders.  Best regards,",839,Yes,No,message_inner
c-105388670_msg_4,all_conversations,2025-09-06T21:19:59.568Z,2025-09-06,02:49:59,me,sent,You: Sent via email also,24,No,No,message_inner
c-105388670_msg_5,all_conversations,2025-09-06T21:19:59.568Z,2025-09-06,02:49:59,other,received,"3. **Natural Language Command Interface**     * End user should be able to type commands in plain English (or natural language).    * Commands are parsed and executed via MCP-supported tools.  ## Suggested Technical Approach    * VS Code + Playwright    * Claude / Any GPT + Any MCP integration    * Store downloaded data (chats, internship listings) in structured formats in CSV.",380,No,No,message_inner
c-105388670_msg_6,all_conversations,2025-09-06T21:19:59.568Z,2025-09-06,02:49:59,me,sent,You:,4,No,No,message_inner
c-105388670_msg_7,all_conversations,2025-09-06T21:19:59.568Z,2025-09-06,02:49:59,me,sent,You: Have submitted the form,28,No,No,message_inner
c-105388670_msg_8,all_conversations,2025-09-06T21:19:59.568Z,2025-09-06,02:49:59,other,received,"Final Reminder: Your assessment window expires in 12 hours. Failure to complete this interview by 2nd Sep '25, 03:30 p.m. will result in rejection of the application",165,No,No,message_inner
c-105388670_msg_9,all_conversations,2025-09-06T21:19:59.568Z,2025-09-06,02:49:59,me,sent,"You: Hi, thank you for your invitation. I am interested in this internship. Please let me know regarding next steps.  Thanks, Lokesh Kumar",138,No,No,message_inner